X_0,Y_0,X_20,Y_20,X_40,Y_40,X_ICE,Y_ICE
123.23985216699074,0.9750181143151622,122.90056852094466,1.2916700464287203,123.0713638364752,1.541284169426234,123.0713638364752,1.541284169426234
125.11091504468902,1.0027137237871528,124.77164011246734,1.3224473562901693,124.94245721255893,1.5797657302613146,124.94245721255893,1.5797657302613146
126.98197574393114,1.0296389081617718,126.64269863325339,1.3486021155674166,126.81354623173044,1.616706440901666,126.81354623173044,1.616706440901666
128.8530408000855,1.05810494273112,128.5137571540394,1.3747568748446781,128.68464396472638,1.65672885193149,128.68464686933453,1.657756085394638
130.72410585623987,1.0865709773004681,130.38483528093042,1.407845459998228,130.55573734081008,1.6952104127665706,130.5557634320763,1.7044377578855716
132.59517526930642,1.1165778620645455,132.25590469399697,1.4378523447623195,132.42685250145485,1.741396224575297,132.42687859272107,1.750623569694298
134.46623596854857,1.1435030464391645,134.12698935625627,1.4732522052079418,134.2979589482752,1.784500335994565,134.29798649184548,1.794241297845133
136.33731191698348,1.1758212064953426,135.99806312623505,1.5047999401667482,136.1690661212476,1.8278612557796379,136.1690900340577,1.8363181758012672
138.20838133005003,1.2058280912594341,137.86914343158213,1.5386589504176413,138.0401653065476,1.8683972835410145,138.04021458447187,1.8858247403158686
140.0794529215727,1.236605401120869,139.74022591538534,1.5732883857659203,139.91127393182404,1.9122718200576543,139.91132611435646,1.9307265102956421
141.9505245130954,1.267382710982318,141.61130622073244,1.6071473960168134,141.7823847355566,1.9569167816716373,141.78243691808902,1.9753714719096251
143.82160046153027,1.2997008710384819,143.48239306144785,1.6433176815597932,143.65346944802297,1.9923343981666477,143.65354772182158,2.0200164335236366
145.69267423150905,1.3312486059972883,145.35347990216326,1.6794879671028013,145.5245671810189,2.0323568091964432,145.52465634709804,2.063890970040262
147.56375453685612,1.3651076162481814,147.22456674287866,1.7156582526457953,147.39565842885358,2.0700857009835545,147.3957736861989,2.110847206946346
149.434830485291,1.3974257763043596,149.09565576205017,1.7525989632861467,149.26677794641057,2.117812362986996,149.26688666838757,2.156262593657729
151.305908612182,1.4305143614579094,150.9667491381339,1.7910805241212273,151.1378800363187,2.1593756242115347,151.13801920647413,2.208594050195984
153.17699109598522,1.46514379680616,152.83783380039318,1.8264803845668496,153.00898212622684,2.2009388854360736,153.0091321886628,2.2540094369073387
155.0480735797884,1.4997732321544248,154.70892935493302,1.8657323704993019,154.880084266342,2.2425199027099865,154.88024299239535,2.29865439852135
156.91916477741603,1.5374843678921621,156.58002926638505,1.9065252066264833,156.7511994269868,2.288705714518713,156.75136686686454,2.347921910719535
158.7902363689387,1.5682616777535827,158.45112264246876,1.9450067674615639,158.62228133858102,2.323132784459972,158.62251434293583,2.405536282211159
160.6613275665663,1.6059728134913058,160.32222473237692,1.986570028686117,160.49338892649743,2.366640451882617,160.49365118440562,2.459389658084106
162.53242094265005,1.6444543743264006,162.19332028691673,2.025822014618555,162.36451277150675,2.4158975454133014,162.3647673463068,2.505929570698001
164.40350124799713,1.678313384577308,164.064424555281,2.0681557009404514,164.23561938430473,2.4590603558876154,164.23588938298775,2.5545471371945183
166.27460333790526,1.719876645801861,165.93553535901356,2.112800662554463,166.10673031252048,2.503749341792883,166.10700730301025,2.601708820793249
168.0946755292491,1.7603623944546314,167.8066352704656,2.15359349868163,167.9778599874933,2.5550682396317512,167.97815819033517,2.660529604198743
170.0167944469849,1.7983806176667514,169.67773300346153,2.19361590971144,169.8489795017284,2.6027937268245864,169.84929513554098,2.714419666981101
171.8878769307881,1.8330100530150162,171.54882637954523,2.2320974705465346,171.72007520149862,2.6420970744301826,171.72042772383458,2.766768879568758
173.75897902069624,1.874573314239555,173.4199350048217,2.2759720070631744,173.59119585164296,2.690224283280827,173.591555955216,2.817577241961658
175.63007675369218,1.9145957252693648,175.29103491627373,2.316764843190356,175.46230317835443,2.7336395738952035,175.4626663232573,2.8620681185561807
177.50118102205644,1.9569294115912754,177.1621413630941,2.3598689546096097,177.33341516799936,2.7787039410870165,177.33380588261045,2.916882691455399
179.37227657659625,1.9961813975237277,179.03324998837053,2.403743491126235,179.2045359200148,2.826867177312309,179.20493193553574,2.966920628750941
181.2433808449605,2.038515083845624,180.9043607921031,2.448388452740261,181.0756680448183,2.879052473618316,181.07606234537326,3.0184994162412124
183.11448511332475,2.0808487701675347,182.77546723892345,2.4914925641595147,182.946789958677,2.927626603228873,182.94719711212298,3.071619053926213
184.98558720323288,2.1224120313920736,184.64658022111212,2.536907950870898,184.8178961876517,2.970653672138397,184.8183362357849,3.1262795418059426
186.85669365005324,2.1655161428113416,186.51770627403744,2.586945888166426,186.68904291350185,3.028002723071694,186.68947535944682,3.1809400296856722
188.72778484768085,2.2032272785490505,188.38881272085777,2.630049999585708,188.5601565716355,3.0736571620994795,188.56061448310874,3.235600517565416
190.59889347295731,2.2471018150657045,190.25994313069526,2.6816287870759794,190.43125256186656,3.113063233051392,190.43174924985846,3.2887201552504024
192.46999556286545,2.288665076290229,192.13106046979613,2.7285850239820633,192.30238297170405,3.164642020541663,192.3028970873448,3.3464623435195904
194.3410998312297,2.33099876261214,194.0021669166165,2.7716891354013313,194.1734981323488,3.210827832350404,194.1740340325506,3.4003524063019626
196.21220409959395,2.3733324489340504,195.87328861262955,2.8201862225021586,196.044622006818,3.2600953445485743,196.045162263932,3.4511607686948764
198.0833170817826,2.418747835645405,197.7443994163621,2.864831184116156,197.9157458812872,3.309362856746759,197.91630356605003,3.5065916816719636
199.95442570705907,2.4626223721620306,199.6155145770069,2.911016995924868,199.78686322038808,3.356319093652843,199.78744704662418,3.5627930197464224
201.82553651079164,2.507267333776042,201.48663191610777,2.957973232830966,201.65799145176948,3.4071274560457567,201.65857745646167,3.6143718072366937
203.6966494929803,2.5526827204873968,203.3577463506005,3.003902236273902,203.5291240400631,3.4594766686333998,203.5297187585797,3.669802720213795
205.56776029671286,2.597327682101394,205.22886223739732,3.050344856448419,205.40024137916396,3.5064329055394836,205.40086659606604,3.727544908482983
207.43886674353323,2.640431793520662,207.09998175495429,3.0980715184518743,207.27136307517705,3.5549299926402966,207.27201443355239,3.785287096752171
209.3099797257219,2.6858471802320167,208.97110562942348,3.147339030650045,209.14248259273404,3.602656654643752,209.14315791412653,3.84148843482663
211.18109706482275,2.732803417138115,210.84222732543657,3.195836117750872,211.0135955749227,3.648072041355121,211.01430357315675,3.898460197998446
213.05219915473089,2.774366678362668,212.71335337836186,3.2458740550464142,212.88473034167242,3.7011916790401216,212.88545576755533,3.9577432364623633
214.92330778000735,2.8182412148793077,214.58447725283105,3.295141567244599,214.75586728687824,3.7550817418224796,214.75660360504165,4.015485424731551
216.7944229406521,2.864427026688034,216.45560766266857,3.3467203547348703,216.62700205362793,3.80820137950748,216.6277470856158,4.07168676280601
218.66553156592857,2.9083015632046596,218.32673153713776,3.395987866933055,218.49813028500935,3.859009741900394,218.49890363692654,4.132510651464656
220.53664890502947,2.9552578001107577,220.19785541160695,3.4452553791312397,220.36927376558347,3.9152110799748527,220.37005365286902,4.191023264831202
222.40776624413033,3.0022140370168415,222.06898146453224,3.4952933164267677,222.24042160306982,3.972953268244055,222.24120802572367,4.251076728392491
224.27889011859952,3.0514815492150262,223.94010533900143,3.5445608286249524,224.11155419136344,4.025302480831698,224.11235586321,4.308818916661679
226.14999003005153,3.0922743853421935,225.81123357038283,3.5953691910178662,225.98269331502536,4.079962968711428,225.98351168836874,4.369385996954534
228.02111826143292,3.1430827477351073,227.68235962330812,3.6454071283134084,227.85382590331895,4.132312181299071,227.8546602520071,4.427384993589513
229.89224148236528,3.1921191324040734,229.55349656851394,3.6992971910957806,229.72495849161254,4.184661393886699,229.72581244640563,4.486668032053416
231.7633551180908,3.2377656466446467,231.42461390761483,3.7462534280018787,231.59609107990616,4.2370106064743425,231.59696391465215,4.545694262151542
233.6344710048876,3.284208266819178,233.29575520973285,3.80168434097898,233.46722366819975,4.289359819061971,233.46812191826697,4.60703176754177
235.50558398707625,3.3296236535305184,235.1668834411142,3.852492703371894,235.33835407803727,4.340938606552257,235.33927266036147,4.665801189274106
237.37669769541696,3.3752958486076636,237.03801602940783,3.9048419159595227,237.20950627243582,4.40022164501616,237.21043356858445,4.728165928127467
239.24782665295038,3.426361019366368,238.90916168843808,3.961813679131353,239.08064975300996,4.456422983090633,239.08157632300654,4.7841104578361495
241.11894617050737,3.4740876813698236,240.78029173519954,4.013264062438722,240.95179323358408,4.512624321165092,240.9527328743173,4.84493434649481
242.99006350960826,3.5210439182759217,242.6514290434814,4.0672825294039825,242.82294542798263,4.571907359629009,242.82388434256382,4.903960576592922
244.8612135255507,3.579556531642467,244.5225638102311,4.120402167088983,244.69412594231056,4.641205924358644,244.69506921380395,4.974799991517301
246.73232650773937,3.624971918353822,246.39370946926135,4.1773739302608135,246.5652803151652,4.701259387919933,246.56624101430745,5.041016855857492
248.6034612744891,3.6780915560388223,248.26483770064274,4.228182292653727,248.43642815265156,4.759001576189121,248.43741717172315,5.108774570392413
250.47459604123878,3.731211193723823,250.135983359673,4.285154055825544,250.3075759901379,4.816743764458295,250.30859768605106,5.178073135122062
252.3457242726202,3.7820195561167367,252.007124661791,4.340584968802645,252.17872600608035,4.875256377824854,252.17977384346676,5.245830849656983
254.21686121782602,3.835909618899109,253.87827685618956,4.399868007266548,254.04988473584723,4.936850691580858,254.05095000088247,5.313588564191903
256.08800687685624,3.892881382070925,255.749426872132,4.458380620633108,255.92104564407018,4.9992154304342336,255.9221326936665,5.38365755401891
257.9591677850792,3.9552461209243006,257.6205768880744,4.516893233999653,257.7922109092054,5.063121019482338,257.7933153864505,5.453726543845917
259.83031780102164,4.01375873429086,259.4917377962974,4.5792579728530285,259.66338488816496,5.130108308919887,259.66450025769063,5.524565958770296
261.7014721738763,4.073812197852135,261.3628965260643,4.640852286609032,261.5345654024929,5.1994068736495365,261.53569384275517,5.598487074084133
263.57261565445043,4.130013535926594,263.23404872046285,4.700135325072949,263.40573938145246,5.266394163087085,263.4068830709075,5.670867339203227
265.4437787411295,4.193148699877341,265.1052096286858,4.762500063926325,265.2769155388682,5.334151877622006,265.2780810128843,5.746329304711793
267.3149331139842,4.2532021634386155,266.9763727153649,4.825635227877058,267.14809169628387,5.401909592156926,267.1492745979488,5.82025042002563
269.18608748683886,4.31325562699989,268.8475379805001,4.889540816925162,269.01925696141905,5.465815181205031,269.02046600455725,5.893401110242095
271.05726582271063,4.381783766632182,270.71869671026695,4.951135130681166,270.8904287619226,5.532032045545222,270.8916465188852,5.962699674971745
272.9284376232141,4.448000630972373,272.58986415385823,5.015811144826628,272.76159402705775,5.5959376345933265,272.7628357470375,6.035079940090867
274.79961813754204,4.517299195702023,274.4610250620812,5.0781758836799895,274.63277889829783,5.666777049517705,274.6340206182776,6.105919355015246
276.6707899380455,4.583516060042214,276.332181613392,5.13899977233865,276.50396159108186,5.736846039344712,276.5052207387105,6.182151745621169
278.54196827391735,4.652044199674492,278.20337084154426,5.211380037457744,278.37517260379525,5.816930555437466,278.3764208591433,6.258384136227093
280.4131466097892,4.720572339306784,280.0745600696966,5.283760302576852,280.24637708114034,5.894703796238119,280.24764494259335,6.34309120290402
282.28432712411706,4.78987090403642,281.94577108241,5.363844818669605,282.11758155848537,5.972477037038772,282.11887338295554,6.429339119775676
284.1555185307255,4.863021594252899,283.8169646674745,5.437765933983442,283.9887707866377,6.044857302157865,283.99009310949333,6.512505336257874
286.0267034019656,4.933861009177264,285.6881626094513,5.5132278994920085,285.8599839778072,6.125712243347991,285.8613259067678,6.600294103324259
287.8978969870302,5.007782124491101,287.5593692652524,5.591771565390019,287.73120370434503,6.2088784598301885,287.73253038411286,6.678067344124912
289.76909928591914,5.084784940194396,289.4305693856853,5.6680039559959425,289.6024408585317,6.298208077091303,289.60375011065065,6.761233560607124
291.6403015848081,5.161787755897677,291.301786933767,5.750399747380783,291.47366929889387,6.384455993962959,291.4749829079251,6.849022327673495
293.51150170524096,5.238020146503601,293.1730023033926,5.8320251136682515,293.3448999177122,6.471474335931987,293.3462091698312,6.934499819447794
295.38269964721775,5.313482112012167,295.04422856529874,5.91750260544255,295.2161305365305,6.558492677901,295.21743325328123,7.019206886124721
297.2539041245628,5.39125535281282,296.9154461133804,5.9998983968273905,297.08735461998054,6.643199744577927,297.0886791212923,7.1116182037752935
299.12512167264447,5.47365114419766,298.7866745537426,6.086146313699047,298.9585852387989,6.730218086546955,298.9599228108472,7.203259096328509
300.9963392207262,5.556046935582501,300.65788992336826,6.167771679986515,300.8298202145294,6.818777278710712,300.83116867885826,7.295670413979067
302.8675567688079,5.638442726967341,302.52912707755485,6.25710129724763,302.7010660825405,6.911188596361271,302.70241454686936,7.38808173162964
304.7387764953457,5.7216089434495245,304.40037512402205,6.350283039995574,304.5723054151832,7.001288638719757,304.5736560579682,7.478952199085484
306.61000493570793,5.807856860321195,306.2716122782087,6.439612657256674,306.44355781856257,7.096011231662416,306.44490410443535,7.572133941833428
308.4812290191579,5.892563926998122,308.14285378930754,6.530483124712518,308.31480586502977,7.189192974410361,308.31615432935865,7.66608610967873
310.352455281064,5.9780414187724205,310.0140953004064,6.621353592168376,310.1860604468652,7.2846859924503775,310.18741544656245,7.7638904030108336
312.22368807833845,6.065830185838806,311.8853302761369,6.7099127843321185,312.0573193856129,7.381719860685138,312.0586743853101,7.860924271245594
314.09491434024454,6.151307677613104,313.7565696087796,6.80001282669059,313.9285805028167,7.4795241540172555,313.9299311456017,7.957187714382982
315.9661580297995,6.24294857016632,315.6278285475273,6.897046694925351,315.7998481553888,7.57963972264146,315.8011944412616,8.055762432812472
317.837412611635,6.3384415882063365,317.4990918431872,6.99562141335484,317.6711114510487,7.678214441070949,317.6724577369215,8.154337151241954
319.70866719347043,6.433934606246368,319.3703486034788,7.0918848564922286,319.5423856389891,7.780641284987254,319.5437362817741,8.258304845352995
321.57991741839373,6.5278867740916695,321.2416097206826,7.189689149824346,321.4136663622979,7.885379404195646,321.41501700508286,8.363042964561387
323.45117635714143,6.62492064232643,323.11287083788636,7.287493443156464,323.28493401487,7.985494972819879,323.28627812228666,8.460847257893512
325.3224244036086,6.71810238507436,324.98413413354626,7.386068161585953,325.1562016674421,8.085610541444083,325.15754577485876,8.560962826517716
327.193676806988,6.812824978017019,326.85539089383786,7.482331604723342,327.0274671415581,8.184955684970923,327.0288083443666,8.659280736581408
329.064942281104,6.912170121543866,328.7266570941059,7.581933556615965,328.898750769475,8.29072103764247,328.90005566468176,8.752205670963562
330.9362055767639,7.010744839973356,330.5979203897658,7.680508275045469,330.7700285881756,8.394431923387721,330.7373058537945,8.852476046316944
332.8074623370554,7.107008283110744,332.46917497160126,7.776001293085486,332.6413049545721,8.497629192401384,332.5916088520656,8.968257286109086
334.6787103835226,7.200190025858674,334.3404578733661,7.881509837391249,334.51258567788085,8.602367311609775,334.5139276068414,9.076949171586072
336.54997150072643,7.297994319190792,336.2117313351545,7.983679872941764,336.38384897354075,8.700942030039272,336.3851756533086,9.170130914333996
338.4212449625148,7.400164354741307,338.0829880954461,8.079943316079166,338.25512897069746,8.805423340881866,338.25645855507344,9.275639458639759
340.29250462741453,7.4974550313418575,339.9542688187548,8.184681435287551,340.1264191339826,8.913499968845521,340.12774145683824,9.381148002945523
342.1637613877061,7.593718474479246,341.8255495420636,8.289419554495943,341.9977085711157,9.021319788443371,341.99902000169084,9.485115697056557
344.03502686182213,7.693063618006093,343.69683026537234,8.394157673704349,343.8689820329041,9.123489823993879,343.8703225095606,9.597558067238595
345.90630322821863,7.796260887019756,345.56811098868104,8.498895792912748,345.7402721961893,9.231566451957534,345.7416235651263,9.709486820689058
347.77757088079073,7.896376455643974,347.4393771889491,8.598497744805378,347.6115616333225,9.339386271555377,347.61291663301967,9.818590682115847
349.64884289027503,7.998032874462908,349.310661543018,8.704519905842716,349.48285324891174,9.447976516250598,349.4842147839772,9.929492202103155
351.5201105428472,8.098148443087126,351.18194880169506,8.811569300343209,351.3541601136937,9.561959736627365,351.3555085780226,10.038852871895735
353.3913890876998,8.20211613719816,353.0532295250038,8.9163074195516,353.2254539077391,9.671320406419945,353.2268154428046,10.152836092272494
355.2626901432655,8.314044890648624,354.9245124267686,9.021815963857364,355.09676077252107,9.785303626796704,355.09811359376215,10.263737612259803
357.13397667579056,8.420837476783326,356.79581057772623,9.132717483844672,356.9680611019348,9.896975571881377,356.9694088401116,10.37361189878397
359.0052581252513,8.525832404357516,358.6671029194675,9.24156453690567,358.83935925289234,10.007877091868686,358.8407142525895,10.487081502429156
360.8765446577763,8.63262499049221,360.538399618121,9.351952440161405,360.71068136686705,10.127253287927005,360.71201022509103,10.597212597319107
362.7478253810851,8.737363109700603,362.44372358328627,9.46565244962612,362.58198823164906,10.241236508303778,362.5833061975925,10.70734369220905
364.61910900900193,8.843128462372164,364.2810075384687,9.577864413988642,364.453294370279,10.35496292031474,364.45461088391835,10.820556487488446
366.49039336307084,8.949150623409487,366.15229697560187,9.685684233586485,366.32459361046466,10.466249652850742,366.3259141179402,10.933255666036274
368.36170676322115,9.065445119078348,368.0236016619278,9.798897028865895,368.195887041434,10.575481918460426,368.1972115427457,11.043900377657799
370.2329940218982,9.17249451357884,369.8949085267098,9.912880249242654,370.0671895493038,10.68792428864247,370.06852276443993,11.159424448229288
372.104276197511,9.277746249518813,371.76621321303566,10.026093044522057,371.93848770026136,10.798825808629779,371.9398165584853,11.268785118021867
373.975582336141,9.391472661529782,373.63752225627377,10.140846689996195,373.8097858512189,10.909727328617087,373.8111299586356,11.385079613690728
375.84689283168314,9.506739923735488,375.5088509056168,10.262534161346593,375.68109707291313,11.025251399188576,375.6824520726104,11.50445580974904
377.71820623183345,9.623034419404355,377.38017519804765,10.382680782502277,377.55240829460735,11.140775469760072,377.5537741865851,11.623832005807351
379.58952398889596,9.740869765267945,379.25149077665407,10.499745703268495,379.42372605166986,11.258610815623655,379.4250875867354,11.740126501476212
381.4608439244146,9.859475536228892,381.1228107121727,10.618351474229442,381.29505252255683,11.379527861876696,381.2964097007101,11.859502697534523
383.3321573245649,9.975770031897753,382.9941306476913,10.736957245190396,383.16638335035594,11.501985758324473,383.1677405285093,11.981960593982294
385.203488152364,10.098227928345516,384.86545711857826,10.857874291443444,385.0377054643307,11.621361954382785,385.0390604640279,12.10056636494324
387.0748124447949,10.218374549501192,386.7367857679213,10.979561762793843,386.9090210429371,11.738426875149017,386.910391291827,12.223024261391025
388.9461410941379,10.340062020851605,388.6081057034399,11.098167533754797,388.7803322646313,11.853950945720506,388.7817134058018,12.342400457449337
390.8174544942882,10.456356516520458,390.4794321743268,11.21908458000783,390.65165437860605,11.973327141778817,390.6530376982326,12.462547078605013
392.688778786719,10.576503137676134,392.3507673590382,11.343083326650337,392.5229917417735,12.098096313518681,392.52436852603176,12.585004975052783
394.5601183283426,10.702042734513363,394.22210690066174,11.468622923487565,394.39431385574824,12.217472509576993,394.39570371074313,12.709003721695282
396.43144479922955,10.82295978076641,396.09344426382916,11.59339209522743,396.2656533973718,12.343012106414221,396.2670563231033,12.839165869116691
398.3027886977653,10.950040227798361,397.9647750916283,11.7158499916752,398.1369885820832,12.46701085305672,398.138398043183,12.965475891051284
400.17411299019614,11.070186848954037,399.8361146332519,11.841389588512428,400.0083237667945,12.591009599699213,400.00974412017484,13.093326763180599
402.21557906132614,11.208820063897996,401.70746071024377,11.96924046064175,401.87966330841806,12.716549196536441,401.88109019716677,13.221177635309921
404.08691206758135,11.33204838544313,403.5788067872357,12.097091332771065,403.75100502849773,12.842859218471034,403.75244498798304,13.352110207828694
405.9582559661172,11.459128832475088,405.45015722113976,12.226483055095109,405.62235110548966,12.970710090600349,405.62380195725547,13.48381320544484
407.82961947075785,11.593143105383312,407.32150983349993,12.356645202516525,407.49368629020097,13.094708837242855,407.49514803424734,13.611664077574154
409.7009742615742,11.724075677902086,409.19285591049186,12.48449607464584,409.36502583182454,13.220248434080077,409.3664941112392,13.739514949703477
411.57231162474164,11.848844849641957,411.064208522852,12.614658222067249,411.23639151492137,13.355033132085673,411.23785979433603,13.874299647709073
413.4436598801896,11.977466146868636,412.93556767058055,12.747131644780758,413.1077354134572,13.48211357911763,413.10921022824016,14.003691370033124
415.31501249254984,12.107628294290045,414.8069202829407,12.877293792202167,414.97908366890516,13.610734876344317,414.9805737328809,14.137705642941356
417.18637236643036,12.24035852536933,416.6782598245643,13.002833389039395,416.8504406381776,13.742437873960455,416.85191980987275,14.26555651507067
419.05772643109464,12.371034289522328,418.5496124369245,13.132995536460804,418.72180414281826,13.876452146868687,418.7232833145135,14.39957078797891
420.92908122191096,12.501966862041108,420.42097594156525,13.267009809369036,420.59317853973954,14.014318545263741,420.5946664252591,14.540518886763408
422.8004461788557,12.636494751680907,422.2923263754693,13.396401531693087,422.46455293666077,14.152184943658789,422.46603210835593,14.675303584769004
424.67181912347286,12.773847533344387,424.16369641547834,13.532727079893412,424.335905549021,14.282347091080204,424.33740214836496,14.81162913296933
426.5431739142891,12.90478010586316,426.035038135558,13.659037101827998,426.20726033983726,14.413279663598978,426.20877000991794,14.94718425607229
428.41453524047375,13.038023953674028,427.90640164019874,13.79305137473623,428.07863909367074,14.552686912188761,428.08013641916676,15.08222576244367
430.2859031020267,13.173579076776988,429.77776950175166,13.92860649783919,429.95002002596027,14.692864585875903,429.95152533912875,15.225228328154486
432.15727967740406,13.3122159002694,431.6491373633046,14.064161620942151,431.82138788751314,14.828419708978856,431.8228953791377,15.361553876354812
434.028647538957,13.447771023372361,433.520494332577,14.195864618558296,433.69274921369777,14.96166355678973,433.69426541914675,15.49787942455513
435.9000197574221,13.584866996670058,435.39185783721774,14.329878891466521,435.5641105398824,15.094907404600598,435.5656180315069,15.628041571976546
437.77138326206284,13.718881269578283,437.2632082711218,14.459270613790572,437.4354849368036,15.232773802995652,437.43698371460374,15.762826269982149
439.64275112361577,13.854436392681244,439.1345848464992,14.597907437282984,439.3068549768127,15.369099351195977,439.30834721924447,15.896840542890374
441.5141233420809,13.991532365978934,441.0059527080521,14.733462560385945,441.17821848145337,15.50311362410421,441.1797107238852,16.030854815798605
443.3854890251777,14.126317063984523,442.87731621269285,14.867476833294177,443.04960812756735,15.646372998180809,443.0510785854381,16.166409938901566
445.25684599445015,14.258020061600675,444.7486797173336,15.001491106202408,444.9209738106642,15.781157696186405,444.9224573392716,16.30581718749135
447.1282073206348,14.391263909411542,446.6200562927109,15.140127929694835,446.79235256449766,15.920564944776181,446.7938535207539,16.451387836860043
448.9995795390999,14.528359882709232,448.4914350465444,15.279535178284618,448.6637117122262,16.05303836748969,448.66525188069227,16.5977289113261
450.8709561144772,14.666996706201644,450.3628029080973,15.415090301387572,450.5350752168669,16.187052640397923,450.5366197422452,16.73328403442906
452.7423305113985,14.804863104596699,452.23416641273803,15.549104574295804,452.40646486298084,16.330312014474522,452.4079723546054,16.863446181850463
454.61370926523193,14.944270353186475,454.10553209583486,15.6838892723014,454.277878472112,16.482046064622125,454.2793271454217,16.994378754369244
456.4850989113459,15.087529727263075,455.9769130281244,15.824066945988541,456.14927247513816,16.62684628889346,456.1507146130796,17.136867703348486
458.35649364052415,15.232586759900201,457.84829831732617,15.965785469870418,458.0206359797789,16.760860561801685,458.02210861610575,17.281667927619814
460.22788038203,15.374818900513645,459.7196661788791,16.10134059297338,459.891986413683,16.890252284125737,459.89349608376364,17.42415687659905
462.09925695740736,15.513455724006057,461.5910492896248,16.242288691757878,461.76334773986764,17.023496131936596,461.7648813729654,17.565875400480913
463.9706291758725,15.65055169730374,463.46244547110706,16.38785934112657,463.634746099806,17.16983720640267,463.6362731975355,17.70990519965489
465.84201446507427,15.792270221185618,465.3338634371504,16.541134241468903,465.5061509951127,17.318489556160813,465.5076715574739,17.85624627412095
467.71340193273215,15.934759170164853,467.2052421909838,16.680541490058687,467.3775428196828,17.462519355334777,467.37905466821957,17.997194372905454
469.5847741511973,16.07185514346255,469.07660133871235,16.813014912772196,469.24891721660407,17.600385753729825,469.2504290651408,18.13506077130051
471.4561732372877,16.21845302629439,470.9479713787214,16.949340460972522,471.12031993345465,17.74826767839062,471.1218165327987,18.277549720279744
473.32756651416184,16.36299644219993,472.81935013255486,17.088747709562305,472.99171393648083,17.89306790266194,472.9932214281054,18.426202070037895
475.1989735879247,16.512419217055445,474.69073542175664,17.230466233444176,474.863086154946,18.03016387595963,474.8646328587804,18.577165695088134
477.07036323403867,16.65567859113205,476.5621250678706,17.373725607520775,476.73445183804284,18.164948573965226,476.7360225048944,18.72042506916474
478.9417332740477,16.79200413933237,478.43350382170405,17.513132856110552,478.60582841342017,18.30358539745764,478.60739908027176,18.859061892657152
480.81307717258346,16.919084586364328,480.3048803970814,17.651769679602978,480.47722677335855,18.449926471923703,480.47878654792964,19.001550841636387
482.68445810487304,17.059262260051476,482.17628529238806,17.800422029361123,482.3486360255775,18.60011967187657,482.3501878124762,19.148919149565593
484.5558542863553,17.204832909420162,484.0476596893093,17.93828842775617,484.22003983165615,18.748386809086043,484.2215934339349,19.297828307689535
486.42721996945215,17.339617607425758,485.9190329970025,18.07576961360254,486.09142403162986,18.889720120419234,486.09298671080904,19.44237172359508
488.2986255909109,17.4885267655497,487.790411750836,18.21517686219233,487.9628354623049,19.04068374546948,487.96438434459543,19.588455989695348
490.170018867785,17.63307018145523,489.66183298456343,18.369607400180698,489.8342338222433,19.187024819935544,489.8357892399021,19.7371083394535
492.0414455476528,17.78942678218703,491.533255307519,18.524423150717766,491.70563871755,19.33567716969369,491.70719631366495,19.886531114309008
493.9128460860473,17.936538281750444,493.4046580243696,18.672305075378546,493.57704796976896,19.485870369646562,493.5786033874278,20.035953889164524
495.78424880289793,18.084420206411245,495.27606509813245,18.821727850234062,495.44845286507564,19.63452271940472,495.45002135347113,20.189228789506856
497.6556602335729,18.235383831461476,497.14745474424643,18.964987224310676,497.31988390185563,19.792420170331233,497.3214284272339,20.338651564362372
499.5270912703529,18.393281282387996,499.0188661749214,19.115950849360907,499.1912909756184,19.94184294518675,499.1928529286456,20.494237739996798
501.3985223071329,18.551178733314522,500.89027978405255,19.267684899508517,501.06270240629345,20.092806570236988,501.06427089468895,20.64751264033913
503.26994463008845,18.705994483851576,502.7616933931837,19.41941894965612,502.9341116585124,20.24299977018986,502.9356866822762,20.800017115584097
505.1413517038512,18.855417258707092,504.63310918077093,19.571923424901094,504.80554269529233,20.40089722111638,504.8071133621439,20.956373716315895
507.012778383719,19.011773859438883,506.5045380390948,19.72905045073025,506.67696283979177,20.554942546556077,506.67852914973116,21.108878191560862
508.88421159895506,19.170441735462767,508.37597125433086,19.887718326754126,508.54839387657177,20.712839997482597,508.54996236496726,21.26754606758474
510.75565352801556,19.3321913118761,510.24740229111086,20.045615777680645,510.41984016254446,20.876130424090668,510.42140429402775,21.42929564399808
512.6270780294273,19.487777487510527,512.1188398632592,20.205824503899258,512.2912886269733,21.04019127579609,512.2928418661761,21.589504370216687
514.4985221369438,19.650297489021227,513.9902796138635,20.36680365521523,514.1627196637533,21.198088726722624,514.1642663675877,21.745090545851127
516.3699488168115,19.806654089753025,515.8617215429241,20.52855323162857,516.0341485220772,21.35521575255178,516.0356974043676,21.90298799677764
518.2413885674159,19.967633241068995,517.7331569366162,20.68799153274982,517.9055839157693,21.51465405367302,517.9071306196038,22.061655872801524
520.1128283180203,20.12861239238498,519.6045945087645,20.848200258968426,519.7770171310053,21.673321929696904,519.7785572994715,22.218012473533314
521.9842615332565,20.287280268408864,521.4760429731933,21.012261110673855,521.6484568816097,21.834301081012875,521.6500108469645,22.383870983799262
523.8557034623169,20.4490298448222,523.3474870807099,21.17478111218456,523.5198922753019,21.993739382134123,523.5214389791363,22.540741201262634
525.7271279637285,20.604616020456625,525.2189224744021,21.33421941330581,525.3913233120819,22.151636833060643,525.3928613020919,22.695556951799688
527.5985590005085,20.762513471383144,527.0903687603748,21.497509839913874,527.2627630626863,22.31261598437662,527.2643054096085,22.858076953310395
529.4699922157446,20.92118134740702,528.9618281170841,21.665422817106126,529.1342093486589,22.475906410984685,529.1357495171251,23.020596954821094
531.3414341448051,21.08293092382037,530.8332809384251,21.83102451900629,531.0056403854389,22.633803861911204,531.0071849108173,23.180035255942343
533.2128564677606,21.237746674357425,532.7047206890295,21.99200367032227,532.8770866714117,22.79709428851927,532.8786137691411,23.337162281771498
535.0842809691724,21.39333284999185,534.576161891938,22.153496438369814,534.7485438496649,22.964236840614163,534.7500731258505,23.505075258963743
536.955727255145,21.556623276599915,536.4476197963432,22.32089579883049,536.6199966710059,23.129838542514314,536.6215259471915,23.670676960863908
538.8271931472227,21.726847529084267,538.3190835099648,22.490349626217473,538.4914473138908,23.29466981931712,538.492970054708,23.833196962374615
540.6986328978271,21.887826680400238,540.1905494020425,22.66057387870182,540.3629153844246,23.465664496898825,540.3644294114174,24.001109939566867
542.5700922545363,22.055739657592483,542.0620087587517,22.82848685589407,542.2343878118705,23.638200024675264,542.2358756973902,24.16440036617493
544.4415494327897,22.222882209687377,543.9334942569344,23.005644934254683,544.1058362762993,23.802260876380686,544.1073285187312,24.330002068075096
546.313008789499,22.390795186879636,545.8049492567316,23.172017061252205,545.9772912760965,23.968633003378216,545.9787704477916,24.49175164448843
548.1844594323838,22.555626463682422,547.6764064349848,23.339159613347107,547.8487462758936,24.13500513037574,547.8502210906765,24.656582921291225
550.055912253725,22.721228165582588,549.5478788624307,23.51169514112354,549.7202056326029,24.30291810756799,549.7216848042981,24.826036748678206
551.9273803242587,22.89222284316429,551.4193360406839,23.678837693218426,551.5916606324,24.469290234565513,551.5931441610074,24.993949725870458
553.7988440378801,23.06167667055127,553.290791040481,23.845209820215956,553.4631156321972,24.635662361563035,553.4645962561964,25.159294619404832
555.6703099299579,23.231900923035617,555.1622602002428,24.016589710346338,555.3345749889065,24.803575338755287,555.3360585175138,25.328234830060232
557.5417725543514,23.40096953787392,557.0337293600047,24.187969600476727,557.2060539517208,24.978422141823813,557.2075353018721,25.502311208031394
559.4132351787448,23.570038152712215,558.9052083228189,24.36281640354526,559.0775242007106,25.150187244502888,559.0790055508619,25.67407631071046
561.2847010708225,23.740262405196553,560.7766894640894,24.538433631711143,560.9489900927883,25.320411496987234,560.9504736213956,25.84507098829218
563.1561669629001,23.9104866576809,562.6481684269036,24.713280434779676,562.8204646986903,25.49371744986103,562.8219569411222,26.021458641555427
565.02763721189,24.082251760359974,564.519649568174,24.888897662945574,564.6919393045924,25.66702340273484,564.6934250116559,26.19245331913715
566.8991139962482,24.256328138331135,566.3911350663566,25.066055741306194,566.5633932151615,25.83301031718368,566.5648821899091,26.35959587123203
568.7705951375185,24.431945366497033,568.2626205645391,25.243213819666813,568.4348689102916,26.00670148260616,568.4363589742674,26.5336722492032
570.6420653865083,24.6037104691761,570.1340995273533,25.41806062273534,570.3063369808252,26.17769616018787,570.3078335801692,26.706978202076996
572.5135617769714,24.784720673023543,572.0055697763432,25.589825725414407,572.1778094082713,26.350231687964303,572.1793234352641,26.885677130632345
574.3850385613297,24.95879705099471,573.877057452982,25.7677542288724,574.0492861926294,26.52430806593547,573.7956418022625,27.051209725070485
576.2565153456877,25.13287342896588,575.7485385942523,25.94337145703829,575.9207782261803,26.703777419588178,575.5045323529744,27.207644294390825
578.1280117361509,25.313883632813315,577.620028449347,26.122070385593638,577.7922637243629,26.880935497948805,577.1983015677051,27.358765773253637
579.9995124835262,25.49643468685548,579.4915277444184,26.304107822904243,579.4936156753664,27.042518112825064,578.9847288115835,27.531149020284843
581.8709936247966,25.672051915021378,581.3630168733611,26.482549943093794,581.1949903253328,27.212128362796683,580.8562012390295,27.703684548061275
583.7424878368035,25.85229169377145,583.2345219776487,26.666641847330695,583.0664584460735,27.38314079642776,582.7276954510365,27.883924326811346
585.5289294584924,26.02975974644525,585.1060270819362,26.85073375156759,584.9379657288172,27.568003125762026,584.5991831276751,28.06185283026933
587.3153780512406,26.20969315943062,586.7223230581662,27.008347705905294,586.8094403347192,27.741309078635823,586.4706991242433,28.249796859993047
589.1868635494233,26.38685123779124,588.3386397902419,27.173302099365102,588.6809685306415,27.933567488904778,588.3422042285307,28.43388876422995
591.0583642967986,26.569402291833406,589.8623337209168,27.32945324527764,590.3823134845834,28.09267554769896,590.1286724564301,28.620766275426213
592.8448170286134,26.750799512503768,591.48617865618,27.48558279624762,592.0836982316569,28.265856704938336,591.9150946296926,28.791356266326034
594.6312610466039,26.929115032784672,593.2726342199877,27.66798156954455,593.9552011574883,28.449178184077873,593.7866256887287,28.984627235294376
596.1624982214086,27.08176066283849,595.1441502165558,27.855925599268268,595.7841748184212,28.630063532621918,595.5730832131469,29.167719391178935
597.9489380846858,27.25860684190536,597.0156640346677,28.04309920389462,597.6623220981613,28.82165517931015,597.2744694125244,29.341414165149878
599.7354141985962,27.448273291954102,598.8871756743235,28.229502383423608,599.3996030115812,28.992982829266026,599.0609227978762,29.523042513349452
601.6069541581815,27.644691997748822,600.7586829570672,28.414364712757873,601.2711320788859,29.18554940957393,600.8473624589544,29.69981718343562
603.3933898980387,27.820079902659735,602.2244948708715,28.564810511805206,603.14265025391,29.374263864395004,602.548755847237,29.87605436022787
605.1798378372501,27.999782188115894,604.1614709887023,28.767282929859775,605.0141684289342,29.562978319216086,604.3352177285676,30.060687366307157
607.0513581907303,28.18926706803434,606.0329909584952,28.956632116299765,606.8006242105877,29.745454135022754,606.0195928455576,30.233628218275726
608.8378137545383,28.37166584133127,607.8194334515664,29.13440833901251,608.5870695356517,29.924231910362074,607.5678604857361,30.39388268886038
610.6242745466407,28.55591363486188,609.6058942436689,29.31865613254311,610.4585746399393,30.108323814598975,609.2692218288142,30.55878687170717
612.3864275766923,28.736886145143124,611.477412418693,29.507370587364193,611.9656969874646,30.271679754016674,610.885573385355,30.736057162560073
614.0270578376762,28.90715530829059,613.2638716858763,29.691079083326642,613.6061450450806,30.43175855483554,612.5869667736376,30.91229433935232
615.8135175405506,29.091017889272507,615.0503287746034,29.874017154191726,615.3075480185701,30.611385602056203,614.3734127522386,31.091303242220853
617.5149253066436,29.272339871707366,616.4587421232791,30.021962169594936,617.0089533883614,30.79186011688394,616.159881386783,31.278324566101965
619.3013919805776,29.458667813000844,617.7725595676535,30.1564817822605,618.795410694934,30.974875230258768,617.8612819639709,31.457104145715505
621.1729232263383,29.652004818406112,618.8312697098129,30.26670441336713,620.581882379317,31.162975149276193,619.562696918969,31.64096853097167
622.9593779187637,29.834095421664088,621.3454591282966,30.51718859419752,622.2832877491084,31.343449664103943,621.2640903072516,31.81720570776391
624.5757262041625,30.01020885197397,620.0865010362875,30.392297183900666,623.9846883262961,31.522229243717504,622.9655004696464,31.999375157805865
626.2770845475411,30.17405217169066,623.1319140385676,30.69935623996524,625.686105677596,31.706941096580742,624.6668914616273,32.17476486699102
627.7774086900049,30.331059227161028,624.9183907333996,30.889228136706606,627.3874966695769,31.882330805765903,626.3682968314185,32.35523938181877
629.3396109672657,30.497758364985543,626.7899067299678,31.077172166430323,629.1739698788792,32.070970022351474,628.0697022012098,32.53571389664651
631.1260796018101,30.684779688866655,628.5763834247997,31.26704406317168,630.9604328494378,32.25598824097944,629.7711051746994,32.71534094386717
632.827480178998,30.86355926848021,630.277788794591,31.447518577999432,632.6618502007375,32.44070009384269,631.3874490225023,32.889884989719455
634.5288855487893,31.04403378330796,632.064260478974,31.635618497016857,634.3632555705288,32.62117460867045,633.0038000592103,33.06697143839303
636.2302909185804,31.22450829813571,633.8507441448655,31.827955754069777,636.0646465625098,32.7965643178556,634.7052174105102,33.25168329125629
637.931710666182,31.410067618606064,635.5521375331482,32.00419293086203,637.7660687064131,32.98297110593306,636.4066251766031,33.43300527369115
639.6331304137836,31.595626939076425,637.2535500918447,32.18720984851108,639.4674860577128,33.167682958796306,638.1080401316013,33.616869658947294
641.3345597465919,31.78457612997518,638.9549650468427,32.37107423376724,641.1688890312024,33.34731000601696,639.8094646718063,33.80412391463185
643.0359723052884,31.967593047624227,640.6563776055391,32.55409115141629,642.8703063825022,33.53202185888022,641.5108748342009,33.986293364673806
644.8224322260085,32.15153267111589,642.3577853716321,32.73541313385115,644.5717357153106,33.720971049778974,643.2123017707075,34.17439508796546
646.5238512232528,32.336826622941594,643.9741276219005,32.90939220129869,646.2731506703088,33.904835435035125,644.9137430850246,34.36758161689971
648.1402123776793,32.517491268178496,645.5904754635397,33.085348693162814,647.9745584364017,34.08615741746998,646.6151508511176,34.54890359933457
649.8416177474705,32.69796578300624,647.2918880222361,33.268365610811856,649.6759829766067,34.27341167315454,648.1464373704603,34.719000244523805
651.5430446839773,32.886067506297906,648.9932909957256,33.447992658032504,651.3774099131134,34.461513396446186,649.7628046911277,34.90184562080019
653.2444668278805,33.072474294375354,650.6947179322323,33.63609438132417,653.0788344533184,34.64876765213075,651.4642212678654,35.086283544739935
654.9458793865768,33.25549121202441,652.3961400761356,33.822501169401626,654.7802637861267,34.837716843029504,653.0805837535706,35.26741900531411
656.6472991341784,33.44105053249477,654.0975406533234,34.00128074901517,656.4816931189351,35.02666603392826,654.696928133885,35.4421513773013
658.2636661462312,33.623786765215684,655.7989604009249,34.186840069485534,658.1831152628384,35.213072822005714,656.2282208436737,35.614437313808885
659.8800371521204,33.80793544394844,657.500392130035,34.37663672799139,659.8845254252332,35.39524227204767,657.8445849269134,35.796137752787786
661.4963863250382,33.98436275114983,659.2868840740598,34.57190160041429,661.5008700718033,35.57006880710231,659.5460070708166,35.98254454086524
663.1127368292348,34.161260873688505,661.0733786322319,34.768090982954035,663.1172179134425,35.74602529896644,661.1623764791711,36.16612824119327
664.8141853324569,34.35698980544406,662.77479358723,34.95195536821019,664.8186304721388,35.92904221661548,662.7787402961551,36.34773451710472
666.5156290430756,34.55102380198542,664.4762085422282,35.13581975346636,666.5200454271369,36.112906601871636,664.4801600437568,36.53329383757507
668.2170392054703,34.73319325202738,666.1776282898297,35.321379073936704,668.1364212256295,36.29875021581859,666.0965188018814,36.713111015204866
670.003560703883,34.93891022493786,667.8790456411294,35.506090926799956,669.7527906339841,36.48233391614661,667.7129076469055,36.90356861945715
671.7900023437254,35.1163846978208,669.4953828325388,35.678280895965855,671.454215174189,36.66958817183117,669.4143369797139,37.0925178103559
673.4914310774584,35.30512202181778,671.0266968427871,35.858099877869876,673.1556588848076,36.86362216837253,671.1157663125223,37.28146700125466
675.1077954269539,35.48691662386415,672.6430372292656,36.03141980384524,674.8571025954265,37.05765616491388,672.7321258694143,37.461566668086824
676.7241738880037,35.67370186848566,674.2594247430109,36.22140659276024,676.4734744000828,37.24208733284901,674.3485091230676,37.65004684792253
678.4256056171139,35.86349852699151,675.8758016065264,36.40762685897702,678.0898406133683,37.424541076367554,676.0499408521778,37.83984350642839
680.1270421388275,36.05499012071158,677.5772357319381,36.59827098508997,679.7062132167919,37.60925473350505,677.6663187807162,38.02644042491499
681.8284882457478,36.24987158486004,679.2786842351602,36.793999916845536,681.3225834239137,37.79312092303543,679.197635453522,38.207201037493576
683.4448565890794,36.43307863291823,680.8950531110033,36.97739529103864,683.024029530834,37.98800238718389,680.7289334884257,38.38137023535027
685.0612190747846,36.61421409349241,682.5114198568004,37.16003736069211,684.6404221034386,38.17977827438056,682.2602341858868,38.556481063881506
686.6776007309035,36.802129294923375,684.12779459027,37.34550432236924,685.9940402109023,38.34076841158656,683.4663912156035,38.706493421643295
688.2939834520454,36.990421148624186,685.7441770451561,37.53370201300258,687.377878047814,38.504270961107814,684.812422446042,38.8555580189227
689.9103528604,37.1740048489522,687.3605600325537,37.722088029770845,688.8940679901503,38.6778106875091,686.2586726086397,39.02862404628246
691.441669533206,37.35476546153078,688.8918660551298,37.8990821196512,690.5104618940336,38.87005739004303,687.8750539985028,39.21644508464598
692.9729862060118,37.53552607410937,690.3664422971534,38.064307028949095,692.1268387575492,39.05627765625981,689.4063626836363,39.394380805200896
694.5043002162603,37.7153450560134,691.7319396238827,38.21284617592029,693.6581341298954,39.22950522344195,691.0794953446944,39.601571328877235
696.2057899614601,37.925659480048736,693.315646701071,38.41311864569873,695.0902088847931,39.402117791222175,692.6202621585225,39.78258799745544
697.9072217182331,38.11546592173044,694.8469740241068,38.59764578097554,696.7208074138691,39.605150908717455,694.0003260148413,39.941370796309435
699.4385490412689,38.29999305700725,696.3782906969127,38.77840639355412,698.2521107738877,39.78120336792326,695.5316453502047,40.12307303956257
701.0549203134136,38.484235898807455,698.0457097188595,38.97003995358506,699.7834274466936,39.96196398050184,696.9566126551966,40.28847555710525
702.6713171461101,38.6775183950834,699.2566575376886,39.13891142807469,701.3147521071719,40.1455494851041,698.4808411019714,40.468824767119955
704.2026364814735,38.85922063833654,700.9722247399856,39.31503844724254,702.8460634548628,40.32442683633357,700.1255767307201,40.65876346257643
705.733950491722,39.03903962024057,702.5035494004638,39.4986239518448,704.3773854527836,40.50707071026126,701.7419607831408,40.847526131614515
707.2652618394129,39.21791697147004,704.0348793860571,39.684092717796155,705.9087181009343,40.69348110688719,703.3583448355614,41.036288800652585
708.7965811747763,39.39961921472318,705.5661933963055,39.86391169970018,707.4400400988551,40.876124980814886,704.8896641709248,41.21799104390573
710.3278951850248,39.579438196627216,707.0975153942263,40.046555573627884,708.9713620967759,41.05876885474258,706.4209968190755,41.40440144053165
711.859225170618,39.76490696257857,708.6288480423771,40.2329659702538,710.502662794237,41.23387968327383,707.8332488745621,41.58446777239499
713.390560481326,39.95225898987905,710.1601753654128,40.41749310553061,712.0339847921579,41.41652355720153,708.9732434150619,41.724109239809486
714.9219091048215,40.14431917055231,711.6915000258912,40.601078610132866,713.5653227654235,41.60481721517655,710.6747012820514,41.923149728500434
716.4532231150699,40.324138152456335,713.2228353365992,40.788430637433336,715.0966367756719,41.78463619708059,712.2060365927596,42.11050175580091
717.9845584257781,40.51149017975681,714.754162659635,40.972957772710146,716.6279694238226,41.971046593706504,713.7373665783527,42.295970521752274
719.5158884113713,40.696958945708175,716.370540055662,41.159366365061835,718.1592994094158,42.15651535965787,715.2686939013885,42.480497657029076
721.0472290471944,40.88619423435777,717.9869360895912,41.35236637213542,719.775694378322,42.34913871446163,716.800037199769,42.67067457635323
722.5785643579025,41.07354626165824,719.5182687377418,41.53877676876134,721.3921181028487,42.551931680550595,718.3313751730346,42.85896823432826
724.1098872433424,41.256504012477464,721.0496067110074,41.727070426736375,722.8383980154507,42.73551898942708,719.8627024960704,43.04349536960507
725.6412243290889,41.44448379356098,722.5809579970603,41.92007223808419,724.2846752654953,42.91816466762901,721.3940564446807,43.237438811627435
727.1725623023544,41.632777451536,724.0272392409411,42.10413036229795,725.7309438622281,43.09775004613863,722.9253997430612,43.42761573095159
728.7038949505051,41.819187848161924,725.4734938592471,42.27877217976615,727.0921606553073,43.27484190763491,724.3716447095966,43.59884413722452
730.2352275986558,42.00559824478785,726.9197611247012,42.45788674293849,728.5384170042757,43.45009578504157,725.8179196299033,43.78066588858621
731.7665708970363,42.19577516411199,728.366029721434,42.63747212144811,730.0697576400988,43.63933107369116,727.3492629282838,43.97084280791036
733.297898220072,42.3803022993888,729.8973570444697,42.82199925672492,731.6010982759219,43.82856636234075,728.7955142183931,44.14430758703536
734.82924418101,42.5714208493875,731.4286763798331,43.003701499978064,733.1324548870897,44.02345143503767,730.2417801525684,44.32295133487043
736.4456511314248,42.76828154222676,732.960027665886,43.19670331132588,734.6637981854702,44.213628354361816,731.7731287760638,44.515011515543684
738.0620575493282,42.964953908931115,734.4913656391516,43.38499696930091,736.1100814262691,44.3983927015815,733.3044747370018,44.70613006554239
739.5933955225937,43.153247566906145,736.0227089375321,43.57517388862506,737.5563659983466,44.583627864138464,734.8358180353823,44.896306984866534
741.1247494712042,43.34719100892852,737.4689702122319,43.752169782779646,739.087714621842,44.775688044811716,736.367156008648,45.084600642841565
742.6560847819122,43.534543036228996,739.0003310834916,43.948561464555866,740.6190499325502,44.96304007211219,737.8985072947008,45.27760245418938
744.1023557083828,43.71495234157885,740.4465984630552,44.12771638332855,742.150406543718,45.15792514480912,739.4298452679664,45.465896112164415
745.5486286317715,43.896067869934626,741.8078019623655,44.30010681738543,743.7668225468282,45.35798738194187,740.961183241232,45.65418977013944
747.0799799178244,44.08906968128244,743.3391559109758,44.49405025940781,745.2981761626188,45.55181312012992,742.4925345272849,45.84719158148726
748.611312565975,44.27548007790836,744.7854185169543,44.671516968899674,746.6593923566226,45.72869311472442,744.023880488223,46.03831013148596
750.0575818283472,44.455300864086624,746.2317077485073,44.858399985137105,748.1056662784703,45.91016175458316,745.555221124046,46.22754542013555
751.5038537532766,44.63606328093944,747.677994317503,45.04434137069998,749.6370015891785,46.097513781883634,747.0015063617628,46.413015990361146
753.0352023767722,44.82812346161269,749.0392045207525,45.219102696276735,751.1683528752313,46.29051559323145,748.4477809492499,46.59472003788852
754.4814663140294,45.00606098644184,750.4854974133222,45.40728045469169,752.6146454349813,46.47857564781208,749.979121585073,46.783955326538106
755.9277462266314,45.18964829531833,752.0168407117027,45.59745737401583,754.0609233506652,46.66145673368264,751.4253968381994,46.96589478173412
757.4590895250119,45.37982521464247,753.5481866726406,45.78857592401453,755.5922639864882,46.85069202233223,752.871681410277,47.15112994429108
758.9053852465488,45.56900345564914,755.0795379586935,45.98157773536234,757.1236179350985,47.044635464354606,754.3179426849767,47.32812583844567
760.3137677716702,45.71732432152794,756.6108759319591,46.169871393337374,758.5698715549456,47.21892417031985,755.7642039596765,47.50512173260026
761.6788529302457,45.92574968558864,758.1422431933568,46.36852298873252,759.6759546982846,47.39623147719513,757.2955339452697,47.69059049855163
763.2441932000751,46.108524666101076,759.5885154511061,46.549403109419664,761.2923279059704,47.58115883557986,758.8268799062076,47.881709048550334
764.6904724470377,46.291876567308925,761.0348003560033,46.73475597581094,762.6535500907283,47.76015749919212,760.3582072292435,48.066236183827144
766.0517036179273,46.47405323444781,762.5661383292689,46.92304963378597,764.0998406535602,47.94751133076683,761.8045014530918,48.25488475757936
767.4979881900048,46.65928839700477,764.012432885937,47.11181591137252,765.5461288866543,48.1340412355013,763.1657206424727,48.43282408668274
768.9442764230989,46.84581830173924,765.4587221174901,47.29869892760995,766.9073510714124,48.31303989911356,764.612012869403,48.620766437429054
770.3054956124798,47.023757630842624,766.9049907142228,47.47828430611957,768.2685642700391,48.48886055919919,766.1433535052261,48.81000172607864
771.7517885050494,47.21193538925756,768.3512819426941,47.66587354536291,769.7148415200836,48.67150623740112,767.6747021287215,49.0020619067519
773.283155766447,47.41058698465272,769.8826412164193,47.861700248734394,771.1611280890793,48.857447622963996,769.12098570234,49.186943957805894
774.8145256904021,47.610180210722426,771.3289231259394,48.045993780616804,772.5223412877058,49.03326828304962,770.4821989009666,49.36276461789153
776.3458902892424,47.80789017544301,772.6901393199432,48.22287377521131,773.8835604770868,49.211207612153004,771.8434091042161,49.53752594346828
777.8772655383125,48.00936666286184,774.1364228935618,48.40775582626531,775.3298397240494,49.394559513360846,773.2896976701298,49.72417355203707
779.3235547698655,48.19624967909927,775.6677848298444,48.60452416031134,776.7761422683898,49.586150682971066,774.8210675940849,49.92376677810678
780.6847889361321,48.379485680747024,777.1140627455284,48.78740524618192,778.1373674485251,49.766208681092195,776.2673445113098,50.10629475247439
782.1310685159145,48.562955285789194,778.4752879256635,48.96746324430305,779.4985926286603,49.94626667921332,777.7136327444039,50.29282465720886
783.5773497597952,48.74701341000295,779.9215665069868,49.15057973784225,780.8598178087955,50.12632467733446,779.15992929799,50.48229715780133
784.9385839260618,48.93024941165071,781.3678547400808,49.33710964257672,782.2210429889307,50.306382675455595,780.5211604688795,50.66447382494021
786.3848794811889,49.11936880074022,782.7290799202161,49.517167640697856,783.582271164443,50.487500008085604,781.8824006259005,50.84982849560572
787.8311627219878,49.304133147959895,784.0903051003513,49.69722563881899,784.9434993399555,50.66861734071561,783.2436288014128,51.03094582823572
789.1923938928774,49.48630981509878,785.4515182989779,49.873046298904626,786.3047305108449,50.85079400785449,784.6899167016873,51.21735802913588
790.5536370452753,49.67272382027316,786.8127464744903,50.05416363153463,787.6659586863573,51.0319113404845,786.1362165834702,51.40800756807154
791.9148801976734,49.85913782544755,788.1739776453798,50.23634029867351,789.0271928526239,51.21514734213226,787.582521790368,51.600540368356306
793.3611714261447,50.0467270646909,789.535202825515,50.41639829679465,790.3884240235134,51.397324009271145,789.028816347036,51.789306645942844
794.8074979335022,50.24679291037212,790.9815000447405,50.60610620505574,791.749655194403,51.57950067641003,790.3900475179255,51.971483313081734
796.1687320997688,50.43002891201988,792.4277995937038,50.79663804015708,793.0258322033737,51.75834981079525,791.7512816841922,52.15471931472949
797.5299812429213,50.61856158621202,793.7890367553476,50.980933376313715,794.38707877906,51.94597448397978,793.1125248365903,52.341133319903875
798.8912393722051,50.810272263930784,795.1502559447285,51.158872705417096,795.8333696747114,52.133446019388806,794.4737530121026,52.522250652533884
800.252482524603,50.99668626910517,796.5114931063722,51.34316804157373,797.1945888640923,52.31138534849219,795.8349901737464,52.70654598869052
801.6137077047383,51.1767442672263,797.8727302680161,51.52746337773037,798.5558200349818,52.49356201563107,797.1962363215216,52.89401932837378
802.9749442673067,51.360827736481156,799.2339674296599,51.711758713887,799.9170661827571,52.681035355314336,798.5574525155254,53.07089932296829
804.3361940095346,51.549572277575066,800.5952075866808,51.89711338455251,801.2783153259095,52.86956802950647,799.918683686415,53.25307599010717
805.6974311711783,51.733867613731704,801.9564537344561,52.08458672423578,802.6395464967991,53.05174469664536,801.279926838813,53.439489995281555
807.0586653374448,51.91710361537946,803.317696886854,52.27100072941016,804.0858383909095,53.23956934355734,802.6411699912112,53.62590400045595
808.419887522203,52.09610227899172,804.6789310531208,52.45423673105792,805.5321522511191,53.43516244353442,804.002389180592,53.80384332955933
809.7811366653553,52.284634953183854,806.0401682147645,52.638532067214555,806.9784594549351,53.62840146682511,805.36363233299,53.99025733473371
811.1423648408678,52.46575228581386,807.4014023810312,52.82176806886231,808.4247580054393,53.81858019042348,806.7248754853882,54.1766713399081
812.503610988643,52.65322562549713,808.7626365472979,53.005004070510076,809.7859951670831,54.00287552658011,808.0861156424091,54.36202601057361
813.8648631271724,52.84281763419814,810.1238767043187,53.19035874117559,811.147232328727,54.18717086273675,809.4473677809386,54.55161801927462
815.2261092749477,53.03029097388141,811.4851228520939,53.377832080858845,812.5084724857479,54.37252553340227,810.8086319009767,54.745447366011135
816.5873524273458,53.21670497905579,812.8463869721321,53.57166142759536,813.8697246242773,54.56211754210328,812.1698750533748,54.93186137118552
817.9486015704981,53.40523765324793,814.2076361152845,53.7601941017875,815.2309947350698,54.75806555785754,813.5311212011501,55.119334710868785
819.3098507136506,53.59377032744007,815.5688912491911,53.950845444997384,816.5922438782221,54.94659823204968,814.8923793304339,55.311045388587544
820.6710878752942,53.7780656635967,816.930128410835,54.13514078115402,817.9534930213745,55.13513090624182,816.2536194874548,55.49640005925306
822.0323340230694,53.96553900327996,818.2913775539872,54.32367345534616,819.2296687466122,55.313526040123236,817.5297836590948,55.67070918860024
823.3085200181717,54.14756614119181,819.5675370186062,54.49631791617939,820.5058628720237,55.49842851455918,818.8059803519726,55.85651966404379
824.5847098644731,54.33095528061507,820.8437234416194,54.67849638759251,821.8671269920619,55.69225786129569,820.0821770448504,56.04233013948733
825.8609031340626,54.51555508804847,822.2049815709032,54.87020706531128,823.1433258244947,55.87882500424558,821.3583561933762,56.221935941378895
827.1371186550252,54.70802423754781,823.5662247233013,55.05662107048566,824.4195178103511,56.06297081117518,822.7196023411514,56.40940928106216
828.4133204828352,54.89565071500657,824.8424064392933,55.23713487338483,825.7807849257664,56.257859492420565,824.0808664611894,56.603238627798675
829.6895154640688,55.08085585644505,826.118603560082,55.42309668232964,827.1420550365588,56.45380750817483,825.4421275858505,56.796008640026315
831.0508005517469,55.2821005447437,827.4798616893659,55.61480736004841,828.4182431712161,56.63659131359302,826.8033767290028,56.98454131421845
832.3269809840058,55.46216034713906,828.7560532473112,55.798801833476745,829.6944428594709,56.82346112354544,828.0795601566389,57.16566045112269
833.6031704023962,55.64539815306105,830.0322614937866,55.98869831345452,830.9706228638188,57.00336959243954,829.3557495750292,57.34889825704468
834.8793538300322,55.82651728996529,831.3935226184475,56.18146832568216,832.2468246916288,57.190996069898304,830.7169987181816,57.53743093123682
836.1555312669141,56.00551775785178,832.7547867384856,56.37529767241868,833.608091807044,57.38588475114369,831.9931795783516,57.717642067133454
837.5167834054436,56.19510976655279,834.1160358816379,56.563830346610814,834.9693409501964,57.57441742533583,833.1843024254035,57.89316366876501
838.7929766750332,56.3797095739862,835.4772940109217,56.75554102432958,836.3306140563659,57.77142477559897,834.460492271705,58.076552808188275
840.0691682329785,56.56370404741453,836.8385581309598,56.949370371066095,837.6918841671583,57.96737279135324,835.8217474056116,58.26720415139816
841.345359790924,56.74769852084286,838.1147548238375,57.13518084650964,838.9680675947943,58.148491928257485,837.1830115256496,58.46103349813468
842.6215500651364,56.93123899376739,839.390927981609,57.312667979383455,840.2442659993162,58.334907737706104,838.5442576734249,58.64850683781794
843.897746330103,57.11689813570967,840.7522070785328,57.511793998664345,841.6055540823713,58.53721176051362,839.9055187980858,58.84127685004558
845.0888794470196,57.296051741371656,842.0284050551437,57.6980584746117,842.9668211977865,58.732100441759016,841.1817129234975,59.02617932448152
846.3650795631855,57.48307288482535,843.3046038875765,57.88462561756158,844.2430089045329,58.914732913675934,842.3728494637021,59.20654359815366
847.6412591396223,57.66283002021818,844.5807813244583,58.06362608544808,845.4341385981611,59.092675851327776,843.5639791573304,59.3844865358055
848.9174643907204,57.85166716568708,845.7719041715103,58.23914768707964,846.625258021925,59.2669867849492,844.8401749943861,59.56999434424651
850.2787285107586,58.0454965124236,847.0481064272312,58.426925498039665,847.9014504356926,59.45128392538007,846.1163725430858,59.75610748669259
851.5549333339457,58.234182324391234,848.4093945102865,58.62922952084718,849.2627355233707,59.65252861367871,847.3925777941839,59.9449446321615
852.8311307114809,58.42023493343681,849.7706795979645,58.830474209145834,850.5389527559773,59.845603097183115,848.6687727754176,60.130149773599975
854.1924193936117,58.622750823146106,851.0468762908423,59.01628468458938,851.7300687564531,60.01870336279439,849.8599127389103,60.31172471528225
855.4686006816926,58.80311329254401,852.3230913838939,59.208602500587446,853.0062859890596,60.2117778462988,851.1361222691187,60.50207519576384
856.7448072165237,58.992404438516715,853.6843734761948,59.408787854377216,854.3675800628693,60.41620053812407,852.4974133475512,60.705438553080235
858.1060982949562,59.19576779583311,854.9605676016064,59.59369032881315,855.643777183658,60.602162347068884,853.8587104167378,60.91092057941438
859.3822954157449,59.38172960477793,856.236782266747,59.785856811309955,856.9199768719128,60.78903215702131,855.1349225144122,61.10217906090357
860.5734216860851,59.558461874419635,857.598085326688,59.993457506661855,858.196184262566,60.97862596999655,856.3260624779051,61.28375400258585
861.764565072866,59.74124748411205,858.8742862986758,60.18078131711808,859.3873208027707,61.15899024366868,857.5171716318043,61.454432932176836
863.0407844450278,59.93507863512281,860.065433108745,60.364777594820644,860.6635213468476,61.346162720623646,858.7083115952972,61.636007873859114
864.3169824216386,60.12134311107015,861.2565662256615,60.54393120048263,862.0247794761314,61.53787339834241,859.8994584053664,61.820004151561676
865.5081292317078,60.305339388772715,862.4476890727135,60.71945280211419,863.300994997094,61.730342547841744,861.1756499633118,62.00399862499001
866.7843349107169,60.49432786774289,863.6388084964774,60.89376373573561,864.5772062389464,61.9212983623284,862.5369200741043,62.19994664074427
868.0605328873278,60.68059234369024,864.8299381901056,61.07170667338745,865.9384673636074,62.11406837455604,863.8131086366726,62.382881779663734
869.3367287243833,60.86610015213125,866.1061276084961,61.25494447930945,867.2146589215528,62.298062847984376,865.0893078970164,62.56960025611489
870.6129536593884,61.061898638658484,867.3823144594203,61.43727428422383,868.490864172651,62.48689999345328,866.4506019708259,62.77402294794016
871.8891704640841,61.25482178866163,868.5734304598959,61.61037454983511,869.8521552510833,62.690263350769676,867.7268239104538,62.96876209995851
873.1653744314491,61.44320493362673,869.7645772699651,61.79437082753767,871.2134433341386,62.8925673735772,868.9179638739467,63.150337041640796
874.356514394942,61.624779875309,871.0407868001734,61.98472130801925,872.4896755436309,63.09093852962599,870.1090832977105,63.32464797526221
875.5476680515874,61.811197489031855,872.3169775022968,62.16841311444505,873.6808360468527,63.27977747936912,871.3002095680507,63.50138024490391
876.7388114383684,61.99398309872428,873.508103772637,62.345145384086756,874.9570447212391,63.46982529284817,872.4913734945607,63.691429862657195
877.9299514018613,62.17555804040656,874.6992334662654,62.5230883217386,876.233267088778,63.6647157783678,873.6825579607996,63.888743488471334
879.1210913653541,62.357132982088835,875.8903631598937,62.70103125939045,877.424472094746,63.869293412242804,874.8737458503268,64.08726778229563
880.3122758315931,62.554446607902975,877.0815270864038,62.89108087714373,878.615615481527,64.05207902193523,876.0648960836841,64.27247472800833
881.5034226416622,62.73844288560554,878.2727012827781,63.08476249892745,879.8067828313251,64.24333930769865,877.2560326238888,64.45283900168047
882.6945865681722,62.928492503358825,879.3787885107224,63.263514352860284,881.083004343042,64.43792712621574,878.5322460052962,64.64455148367347
883.8857573412586,63.12096345713239,880.4848745975704,63.441862650789744,882.3592104499622,64.62706693868718,879.8085038894499,64.85200264979832
885.0768973047514,63.30253839881467,881.6760282542159,63.6282802645126,883.5503572600313,64.81106321638974,880.999648132053,65.03509092649328
886.2680119359118,63.475154397221885,882.8672092971667,63.8243832223166,884.7414835303715,64.98779548603144,882.1907778256813,65.21303386414513
887.5442515054738,63.67612848949248,884.0583698003886,64.01322217205974,886.0176815069822,65.1740599619788,883.4670010490423,65.4082270166673
888.820502543051,63.881158319597056,885.2495131871694,64.19600778175216,887.2939145722967,65.37273378503012,884.7432259840474,65.60402550319452
890.0116493531202,64.06515459729962,886.4406394575097,64.37274005139386,888.4850887686713,65.56641540681383,885.9344104502862,65.80133912900867
891.2027927399012,64.24794020699204,887.7168601134047,64.56702520290841,889.6762321554522,65.74920101650625,887.1255709535081,65.99017807875181
892.3939361266822,64.43072581668446,888.9930773460112,64.76009968641281,890.8673823888096,65.93440796221896,888.3167383033062,66.18143836451523
893.5850897833277,64.61714343040731,890.184234425945,64.94772796814581,892.058536045455,66.12082557594181,889.5078851133754,66.36543464221779
894.7762605564141,64.80961438418089,891.375377812726,65.13051357783823,893.3347618362822,66.31692672947158,890.6990387700209,66.55185225594064
895.9674176363477,64.99724266591387,892.4814547708056,65.30563342774064,894.6109636640921,66.50455320693034,891.8901821568019,66.73463786563306
897.1585815628576,65.18729228366716,893.5875716672471,65.4948777377614,895.802107050873,66.68733881662277,893.0813289668712,66.91863414333564
898.3497557592322,65.38097390545087,894.7787287471808,65.6825060194944,896.908190855529,66.86488000254546,894.2724997399574,67.1111050971092
899.5409231090302,65.57223419121429,895.8847982881362,65.85500275537483,898.014294058818,67.04928164052563,895.4636602431792,67.29994404685235
900.7321041519812,65.7683371490183,896.9908746756678,66.02992082727555,899.2054648319044,67.24175259429921,896.6548549792827,67.50088967669691
901.9232783483557,65.96201877080202,898.1820283323133,66.2163384409984,900.3966287584143,67.43180221205249,897.8460428688098,67.6994139705212
903.11445254473,66.15570039258573,899.3731785656705,66.4015453867111,901.5877687219071,67.61337715373477,899.0372067953199,67.88946358827448
904.3056198945283,66.34696067834915,900.564328799028,66.58675233242381,902.7789018388237,67.79253075939675,900.2283467588127,68.07103852995677
905.4967632813092,66.52974628804157,901.6704291495766,66.77014508039554,903.9700383790282,67.9728950330689,901.419517531899,68.26350948373033
906.687920361243,66.71737456977456,902.7765637330072,66.9656445084687,905.1611988822501,68.16173398281204,902.6106746118326,68.45113776546333
907.8790842877528,66.90742418752785,903.9677276595171,67.15569412622199,906.3523491156074,68.34694092852475,903.8018282684782,68.63755537918618
909.0702379443984,67.0938418012507,905.1588915860272,67.34574374397526,907.543502772253,68.53335854224758,904.9079038572426,68.81219096188453
910.2613676380267,67.27178473890254,906.3500315495198,67.52731868565755,908.7346803919156,68.72825083204145,906.0139878901177,68.9898128590079
911.4525212946721,67.45820235262539,907.5411509732837,67.70162961927896,909.9258443184256,68.91830044979473,907.2051347001869,69.17380913671047
912.6436475650124,67.6349346222671,908.7322943600648,67.88441522897138,911.1170048216474,69.10713939953787,908.3962712403916,69.3541734103826
913.8348259454057,67.83009594939655,909.9234411701339,68.06841150667394,912.3081550550047,69.29234634525058,909.672462370426,69.53801655030966
914.7706631634189,67.9520845340689,911.1145982500676,68.25603978840694,913.4993224048029,69.483606631014,910.9486680494351,69.72700502927984
,,912.2206746375991,68.43095786030766,914.4351629510128,69.60677225402955,912.1397902118294,69.90228449730937
,,913.3267673332954,68.61164342009003,,,913.3309171668274,70.0792589005531
,,914.4327287078537,68.74588640981663,,,914.1816841524857,70.19223653875751
